﻿<?xml version="1.0" encoding="UTF-8"?>
<customUI xmlns="http://schemas.microsoft.com/office/2009/07/customui" onLoad="OnRibbonLoad">
  <ribbon>
    <tabs>
      <tab idMso="TabMail">
        <group id="Group1" label="VisioComAddinNet5">

          <button id="Command1" size="large" getLabel="OnGetRibbonLabel" onAction="OnRibbonButtonClick" getEnabled="IsRibbonCommandEnabled" getImage="GetRibbonImage" />
          <button id="Command2" size="large" getLabel="OnGetRibbonLabel" onAction="OnRibbonButtonClick" getEnabled="IsRibbonCommandEnabled" getImage="GetRibbonImage" />
          
        </group>
      </tab>
    </tabs>
  </ribbon>
</customUI>
